date,title,url,source,language,event_type,event_category,base_impact_score,affects
2026-01-02 21:00:00,US move to ease pasta tariffs signals thaw with Italy,https://article.wn.com/view/2026/01/02/US_move_to_ease_pasta_tariffs_signals_thaw_with_Italy/,article.wn.com,English,trade_policy,macro,8,
2026-01-10 07:45:00,加國總理訪中在即 貿易爭端與安全風險成焦點 | 加中關係 | 加中貿易爭端,https://www.ntdtv.com/b5/2026/01/10/a104055157.html,ntdtv.com,Chinese,trade_policy,macro,8,
2026-01-16 09:15:00,规则之下谋共赢 中欧电动汽车贸易争端迎来积极进展,https://baijiahao.baidu.com/s?id=1854364614737740264,baijiahao.baidu.com,Chinese,trade_policy,macro,8,
2026-01-16 09:00:00,规则之下谋共赢 中欧电动汽车贸易争端迎来积极进展 - 南海网,https://www.hinews.cn:443/page?n=2792368&m=1&s=1044,hinews.cn,Chinese,trade_policy,macro,8,
2026-01-04 12:30:00,"Justice . Sophia Chikirou , députée LFI et candidate à la mairie de Paris , sera jugée en mai pour escroquerie",https://www.estrepublicain.fr/faits-divers-justice/2026/01/04/sophia-ckirou-deputee-lfi-et-candidate-a-la-mairie-de-paris-sera-jugee-en-mai-pour-escroquerie,estrepublicain.fr,French,trade_policy,macro,8,
2026-01-04 13:15:00,"Justice . Sophia Chikirou , députée LFI et candidate à la mairie de Paris , sera jugée en mai pour escroquerie",https://www.republicain-lorrain.fr/faits-divers-justice/2026/01/04/sophia-ckirou-deputee-lfi-et-candidate-a-la-mairie-de-paris-sera-jugee-en-mai-pour-escroquerie,republicain-lorrain.fr,French,trade_policy,macro,8,
2026-01-16 20:30:00,"Dordogne  : une bagarre éclate entre deux consommateurs de crack , lun deux blessé dun coup de couteau",https://www.sudouest.fr:443/dordogne/dordogne-une-bagarre-eclate-entre-deux-consommateurs-de-crack-l-un-d-eux-blesse-d-un-coup-de-couteau-27445253.php,sudouest.fr,French,trade_policy,macro,8,
2026-01-04 22:45:00,Sophia Chikirou sera jugée pour escroquerie avant les municipales à Paris,https://www.lessentiel.lu/fr/story/france-candidate-a-la-mairie-de-paris-elle-sera-jugee-pour-escroquerie-103480473,lessentiel.lu,French,trade_policy,macro,8,
2026-01-13 08:00:00,США вводят 25 - процентные пошлины против торговых партнёров Ирана,https://overclockers.ru/blog/Nacvark/show/247534/SShA-vvodyat-25-procentnye-poshliny-protiv-torgovyh-partnerov-Irana,overclockers.ru,Russian,trade_policy,macro,8,
2026-01-04 18:00:00,Municipales 2026 à Paris : la candidate LFI Sophia Chikirou jugée pour escroquerie au mois de mai,https://www.valeursactuelles.com/politique/municipales-2026-a-paris-la-candidate-lfi-sophia-chikirou-jugee-pour-escroquerie-au-mois-de-mai,valeursactuelles.com,French,trade_policy,macro,8,
2026-01-04 18:30:00,"Candidate LFI à la mairie de Paris , Sophia Chikirou sera jugée pour escroquerie",https://www.europe1.fr/politique/candidate-lfi-a-la-mairie-de-paris-sophia-chikirou-sera-jugee-pour-escroquerie-877414,europe1.fr,French,trade_policy,macro,8,
2026-01-04 17:45:00,"Candidate LFI à la mairie de Paris , Sophia Chikirou sera jugée pour escroquerie",https://www.notretemps.com/depeches/candidate-lfi-a-la-mairie-de-paris-sophia-chikirou-sera-jugee-pour-escroquerie-126209,notretemps.com,French,trade_policy,macro,8,
2026-01-14 04:15:00,Comercio exterior de China alcanza aumento de 3 . 8 % interanual en 2025,https://www.eleconomista.com.mx/empresas/comercio-exterior-china-alcanza-aumento-3-8-interanual-20260113-795172.html,eleconomista.com.mx,Spanish,trade_policy,macro,8,
2026-01-16 09:15:00,"CP NewsAlert : Carney reaches tariff - quota deal with China on EVs , canola – Winnipeg Free Press",https://www.winnipegfreepress.com/canada/2026/01/16/cp-newsalert-carney-reaches-tariff-quota-deal-with-china-on-evs-canola,winnipegfreepress.com,English,trade_policy,macro,8,
2026-01-13 20:45:00,Trump Bullying Bombs as Canadians Back U . S . Booze Ban,https://www.thedailybeast.com/trumps-bullying-bombs-as-canadians-back-us-booze-ban/,thedailybeast.com,English,trade_policy,macro,8,
2026-01-14 13:15:00,Kitajska kljub Trumpovim carinam z rekordnim presežkom v zunanji trgovini,https://www.24ur.com/novice/gospodarstvo/kitajska-kljub-trumpovim-carinam-z-rekordnim-presezkom-v-zunanji-trgovini.html,24ur.com,Slovenian,trade_policy,macro,8,
2026-01-12 10:15:00,"Developing | China , EU reach framework agreement in EV tariff dispute",https://www.scmp.com/economy/global-economy/article/3339588/china-eu-reach-deal-electric-vehicle-tariffs-after-lengthy-negotiations,scmp.com,English,trade_policy,macro,8,
2026-01-14 12:00:00,Kitajska kljub carinskemu sporu z rekordnim presežkom v zunanji trgovini,https://siol.net/novice/svet/kitajska-kljub-carinskemu-sporu-z-rekordnim-presezkom-v-zunanji-trgovini-681748,siol.net,Slovenian,trade_policy,macro,8,
2026-01-03 09:15:00,Strike fears averted at Manchester Airport as pay deal agreed,https://www.manchestereveningnews.co.uk/news/greater-manchester-news/strike-fear-averted-at-manchester-33155993,manchestereveningnews.co.uk,English,trade_policy,macro,8,
2026-01-12 15:15:00,EU Offers China Alternative To Tariffs In Electric Cars Dispute,https://www.channelstv.com/2026/01/12/eu-offers-china-alternative-to-tariffs-in-electric-cars-dispute/,channelstv.com,English,trade_policy,macro,8,
2026-01-08 00:15:00,睽違9年 ！ 加拿大總理下周訪問中國 | ETtoday國際新聞,https://www.ettoday.net/news/20260108/3097401.htm,ettoday.net,Chinese,trade_policy,macro,8,
2026-01-01 07:30:00,美國｜農業部公布934億援助計劃細節,https://inews.hket.com/article/4061489/%E7%BE%8E%E5%9C%8B%EF%BD%9C%E8%BE%B2%E6%A5%AD%E9%83%A8%E5%85%AC%E5%B8%83934%E5%84%84%E6%8F%B4%E5%8A%A9%E8%A8%88%E5%8A%83%E7%B4%B0%E7%AF%80?mtc=80029,inews.hket.com,Chinese,trade_policy,macro,8,
2026-01-01 07:30:00,美國｜農業部公布934億援助計劃細節,https://inews.hket.com/article/4061489/%E7%BE%8E%E5%9C%8B%EF%BD%9C%E8%BE%B2%E6%A5%AD%E9%83%A8%E5%85%AC%E5%B8%83934%E5%84%84%E6%8F%B4%E5%8A%A9%E8%A8%88%E5%8A%83%E7%B4%B0%E7%AF%80?mtc=80023,inews.hket.com,Chinese,trade_policy,macro,8,
2026-01-15 05:30:00,川普 ： 暫不徵收關鍵礦物關稅 將尋求國外供應 | 關鍵礦產 | 談判,https://www.epochtimes.com/b5/26/1/15/n14676256.htm,epochtimes.com,Chinese,trade_policy,macro,8,
2026-01-14 10:30:00,Superávit comercial chino récord en 2025 pese a aranceles,https://www.dw.com/es/super%C3%A1vit-comercial-chino-r%C3%A9cord-en-2025-pese-a-aranceles-de-trump/a-75499191,dw.com,Spanish,trade_policy,macro,8,
2026-01-15 05:30:00,川普暫不課關鍵礦產關稅 尋求國際夥伴確保供應 | 國際,https://www.cna.com.tw:443/news/aopl/202601150129.aspx,cna.com.tw,Chinese,trade_policy,macro,8,
2026-01-15 04:15:00,Trump y Petro confirman reunión en Febrero,https://www.excelsior.com.mx/internacional/trump-petro-confirman-reunion-e-febero,excelsior.com.mx,Spanish,trade_policy,macro,8,
2026-01-15 14:45:00,La Jornada : Superávit comercial de China alcanzó un récord de 1 . 2 billones de dólares,https://www.jornada.com.mx/2026/01/15/economia/016n2eco,jornada.com.mx,Spanish,trade_policy,macro,8,
2026-01-16 16:45:00,Aráoz : inversión de EE . UU . en el Callao fortalecerá capacidad naval,https://canaln.pe/actualidad/araoz-inversion-eeuu-callao-fortalecera-capacidad-naval-n489652,canaln.pe,Spanish,trade_policy,macro,8,
2026-01-15 06:15:00,Seoul pushes back on US concerns over Coupang probe,https://www.koreaherald.com/article/10656338,koreaherald.com,English,trade_policy,macro,8,
2026-01-04 16:45:00,"Sophia Chikirou , candidate LFI à la mairie de Paris , sera jugée en mai pour escroquerie",https://www.sudouest.fr:443/justice/sophia-chikirou-candidate-lfi-a-la-mairie-de-paris-sera-jugee-en-mai-pour-escroquerie-27285756.php,sudouest.fr,French,trade_policy,macro,8,
2026-01-04 16:45:00,"Sophia Chikirou , candidate LFI à la mairie de Paris , sera jugée en mai pour escroquerie",https://www.sudouest.fr/justice/sophia-chikirou-candidate-lfi-a-la-mairie-de-paris-sera-jugee-en-mai-pour-escroquerie-27285756.php,sudouest.fr,French,trade_policy,macro,8,
2026-01-04 13:15:00,Chikirou  : la candidate LFI à la mairie de Paris sera jugée en mai pour escroquerie,https://www.challenges.fr/politique/chikirou-la-candidate-lfi-a-la-mairie-de-paris-sera-jugee-en-mai-pour-escroquerie_635513,challenges.fr,French,trade_policy,macro,8,
2026-01-16 03:15:00,"500 EFL workers threaten strike action in Feb , EFL silent",https://www.fijivillage.com/news/500-efl-workers-threaten-strike-action-in-feb-efl-silent-d1ee87/,fijivillage.com,English,trade_policy,macro,8,
2026-01-16 12:45:00,How realistic is India quest for magnets made of rare earths,https://www.capitalfm.co.ke/business/2026/01/how-realistic-is-indias-quest-for-magnets-made-of-rare-earths/,capitalfm.co.ke,English,trade_policy,macro,8,
2026-01-15 08:45:00,高额反补贴税危机  软着陆  商务部回应中欧电动汽车案 _ 新浪科技 _ 新浪网,https://finance.sina.com.cn/tech/roll/2026-01-15/doc-inhhkrvv6314377.shtml,finance.sina.com.cn,Chinese,trade_policy,macro,8,
2026-01-04 12:45:00,"Sophia Chikirou , candidate LFI à la mairie de Paris , sera jugée en mai pour escroquerie",https://www.notretemps.com/depeches/sophia-chikirou-candidate-lfi-a-la-mairie-de-paris-sera-jugee-en-mai-pour-escroquerie-126208,notretemps.com,French,trade_policy,macro,8,
2026-01-04 13:15:00,"Sophia Chikirou , candidate LFI à la mairie de Paris , sera jugée en mai pour escroquerie",https://www.challenges.fr/politique/sophia-chikirou-candidate-lfi-a-la-mairie-de-paris-sera-jugee-en-mai-pour-escroquerie_635510,challenges.fr,French,trade_policy,macro,8,
2026-01-04 15:15:00,"Justice . Sophia Chikirou , députée LFI et candidate à la mairie de Paris , sera jugée en mai pour escroquerie",https://www.lejsl.com/faits-divers-justice/2026/01/04/sophia-ckirou-deputee-lfi-et-candidate-a-la-mairie-de-paris-sera-jugee-en-mai-pour-escroquerie,lejsl.com,French,trade_policy,macro,8,
2026-01-16 12:00:00,Trump Holds Off on Critical Minerals Tariffs After Probe,https://finance.yahoo.com/news/trump-sets-process-secure-critical-203604372.html,finance.yahoo.com,English,trade_policy,macro,8,
2026-01-16 20:00:00,  Rige el imperio de la fuerza : Elisa Carrió alertó qué podría pasar tras la captura de Maduro POLÍTICA El Intransigente,https://elintransigente.com/2026/01/rige-el-imperio-de-la-fuerza-elisa-carrio-alerto-que-podria-pasar-tras-la-captura-de-maduro/,elintransigente.com,Spanish,trade_policy,macro,8,
2026-01-13 19:45:00,Europe Signals a Truce in Its Electric Vehicle Trade War With China,https://oilprice.com/Energy/Energy-General/Europe-Signals-a-Truce-in-Its-Electric-Vehicle-Trade-War-With-China.html,oilprice.com,English,trade_policy,macro,8,
2026-01-07 18:30:00,México abre investigación antidumping por importación de manzanas de EU,https://www.excelsior.com.mx/nacional/mexico-abre-investigacion-antidumping-importacion-manzanas-eu,excelsior.com.mx,Spanish,trade_policy,macro,8,
2026-01-07 09:30:00,EU remains leading rapeseed oil producer | Biofuels International Magazine,https://biofuels-news.com/news/eu-remains-leading-rapeseed-oil-producer/,biofuels-news.com,English,trade_policy,macro,8,
2026-01-05 07:00:00,Why has China introduced new tariffs on Australian beef ? ,https://www.sbs.com.au/news/article/china-beef-tarriffs-australia-explained/l9c5gzq37,sbs.com.au,English,trade_policy,macro,8,
2026-01-08 03:45:00,爱尔兰总理 ： 愿与中方深化经贸合作 增进多边事务协调,https://world.qianlong.com/2026/0108/8607082.shtml,world.qianlong.com,Chinese,trade_policy,macro,8,
2026-01-15 02:00:00,"Trump says no critical minerals tariffs for now , will seek overseas supplies",https://www.mining.com/web/trump-says-no-critical-minerals-tariffs-for-now-will-seek-overseas-supplies/,mining.com,English,trade_policy,macro,8,
2026-01-03 22:45:00,华尔街看2026年 多头还有戏 专家 ： 要特别留意通膨,https://www.wenxuecity.com/news/2026/01/03/126472610.html,wenxuecity.com,Chinese,trade_policy,macro,8,
2026-01-15 00:15:00,"Trump says no critical minerals tariffs for now , will seek overseas supplies",https://www.yahoo.com/news/articles/trump-says-no-critical-minerals-232539254.html,yahoo.com,English,trade_policy,macro,8,
2026-01-15 02:30:00,EU minimum - price rule shifts China EV dispute from tariffs to head - to - head competition,https://www.digitimes.com/news/a20260114PD211/eu-competition-market-europe-price.html,digitimes.com,English,trade_policy,macro,8,
2026-01-02 02:00:00,Balai Karantina sebut pemasukan komoditas ilegal berisiko bawa hama dan penyakit,https://manado.antaranews.com/berita/303502/balai-karantina-sebut-pemasukan-komoditas-ilegal-berisiko-bawa-hama-dan-penyakit,manado.antaranews.com,Indonesian,pandemic_health,macro,9,
2026-01-13 14:45:00,Студент МГУ сообщил о закрытии на карантин корпуса на Моховой улице,https://tass.ru/obschestvo/26137225,tass.ru,Russian,pandemic_health,macro,9,
2026-01-13 18:15:00,How to Discover New Symptoms in Quarantine Zone ( Laboratory Guide ) ,https://gamerant.com/quarantine-zone-the-last-check-how-use-laboratory-discover-new-symptoms/,gamerant.com,English,pandemic_health,macro,9,
2026-01-13 09:15:00,When should you liquidate someone in Quarantine Zone : The Last Check,https://www.destructoid.com/when-should-you-liquidate-someone-in-quarantine-zone-the-last-check/,destructoid.com,English,pandemic_health,macro,9,
2026-01-15 23:15:00,How to always get Perfect Inspection in Quarantine Zone : The Last Check,https://www.destructoid.com/how-to-always-get-perfect-inspection-in-quarantine-zone-the-last-check/,destructoid.com,English,pandemic_health,macro,9,
2026-01-15 16:15:00,Beginner Tips for Quarantine Zone The Last Check,https://gamerant.com/quarantine-zone-the-last-check-beginner-tips-tricks/,gamerant.com,English,pandemic_health,macro,9,
2026-01-01 21:00:00,Incendie dans un bar en Suisse : une quarantaine de morts et environ 115 blessés,https://defimedia.info/incendie-dans-un-bar-en-suisse-une-quarantaine-de-morts-et-environ-115-blesses,defimedia.info,French,pandemic_health,macro,9,
2026-01-02 05:00:00,"Une quarantaine de morts , une centaine de blessés … Ce que lon sait de lincendie à",https://paris.maville.com/actu/actudet_-une-quarantaine-de-morts-une-centaine-de-blesses...-ce-que-l-on-sait-de-l-incendie-a-crans-montana-en-suisse-_fil-7129358_actu.Htm,paris.maville.com,French,pandemic_health,macro,9,
2026-01-02 05:45:00,"Une quarantaine de morts , une centaine de blessés … Ce que lon sait de lincendie à",https://laseyne.maville.com/actu/actudet_-une-quarantaine-de-morts-une-centaine-de-blesses...-ce-que-l-on-sait-de-l-incendie-a-crans-montana-en-suisse-_fil-7129358_actu.Htm,laseyne.maville.com,French,pandemic_health,macro,9,
2026-01-02 07:15:00,"Une quarantaine de morts , une centaine de blessés … Ce que lon sait de lincendie à",https://toulon.maville.com/actu/actudet_-une-quarantaine-de-morts-une-centaine-de-blesses...-ce-que-l-on-sait-de-l-incendie-a-crans-montana-en-suisse-_fil-7129358_actu.Htm,toulon.maville.com,French,pandemic_health,macro,9,
2026-01-02 07:15:00,"Une quarantaine de morts , une centaine de blessés … Ce que lon sait de lincendie à",https://brignoles.maville.com/actu/actudet_-une-quarantaine-de-morts-une-centaine-de-blesses...-ce-que-l-on-sait-de-l-incendie-a-crans-montana-en-suisse-_fil-7129358_actu.Htm,brignoles.maville.com,French,pandemic_health,macro,9,
2026-01-02 06:30:00,"Une quarantaine de morts , une centaine de blessés … Ce que lon sait de lincendie à",https://hyeres.maville.com/actu/actudet_-une-quarantaine-de-morts-une-centaine-de-blesses...-ce-que-l-on-sait-de-l-incendie-a-crans-montana-en-suisse-_fil-7129358_actu.Htm,hyeres.maville.com,French,pandemic_health,macro,9,
2026-01-16 17:30:00,"One of Steam hottest top - sellers is the zombie apocalypse sim that previously dominated Steam Next Fest , and it celebrating with a Dead by Daylight collab",https://www.gamesradar.com/games/simulation/one-of-steams-hottest-top-sellers-is-the-zombie-apocalypse-sim-that-previously-dominated-steam-next-fest-and-its-celebrating-with-a-dead-by-daylight-collab/,gamesradar.com,English,pandemic_health,macro,9,
2026-01-01 18:30:00,Incendie de Crans - Montana : Une quarantaine de morts et environ 115 blessés,https://www.lessentiel.lu/fr/story/incendie-de-crans-montana-une-quarantaine-de-morts-et-environ-115-blesses-103478933,lessentiel.lu,French,pandemic_health,macro,9,
2026-01-13 03:45:00,В Новокузнецке роддом закрыли на карантин,https://tass.ru/obschestvo/26131517,tass.ru,Russian,pandemic_health,macro,9,
2026-01-13 01:45:00,How to Check for Symptoms in Quarantine Zone The Last Check,https://gamerant.com/quarantine-zone-the-last-check-how-spot-symptoms-inspections/,gamerant.com,English,pandemic_health,macro,9,
2026-01-08 12:30:00,Barantin tahan daging dan bawang bombai ilegal selama Siaga Nataru,https://www.antaranews.com/berita/5340317/barantin-tahan-daging-dan-bawang-bombai-ilegal-selama-siaga-nataru,antaranews.com,Indonesian,pandemic_health,macro,9,
2026-01-14 19:00:00,How to find more Syringe Analyzers in Quarantine Zone : The Last Check,https://www.destructoid.com/how-to-find-more-syringe-analyzers-in-quarantine-zone-the-last-check/,destructoid.com,English,pandemic_health,macro,9,
2026-01-09 07:00:00,Karantina Haberleri - Son Dakika Karantina Hakkında Güncel Haber ve Bilgiler,https://www.hurriyet.com.tr/haberleri/karantina,hurriyet.com.tr,Turkish,pandemic_health,macro,9,
2026-01-13 06:30:00,ТАСС : в Новокузнецке в закрытом на карантин роддоме умерли шесть младенцев,https://tass.ru/proisshestviya/26132245,tass.ru,Russian,pandemic_health,macro,9,
2026-01-13 08:15:00,Почти десяток младенцев погибли в роддоме во время карантина – подробности 13 / 01 / 2026 – Новости,https://kazanfirst.ru/news/pochti-desyatok-mladenczev-pogibli-v-roddome-vo-vremya-karantina-podrobnosti,kazanfirst.ru,Russian,pandemic_health,macro,9,
2026-01-02 12:15:00,Ηράκλειο : Εικόνες καραντίνας … στο κέντρο της πόλης ! ,https://www.cretalive.gr/eida-akoysa/irakleio-eikones-karantinas-sto-kentro-tis-polis,cretalive.gr,Greek,pandemic_health,macro,9,
2026-01-16 22:15:00,"124 new South Carolina measles cases confirmed , total now up to 558",https://www.wltx.com/article/news/health/south-carolina-measles-outbreak-update/101-d6807f5d-4ff4-4337-8e60-dcd225b19a49,wltx.com,English,pandemic_health,macro,9,
2026-01-16 22:30:00,S . C . measles outbreak still flaring with 124 more cases in 3 days,https://www.wrdw.com/2026/01/16/sc-measles-outbreak-still-flaring-with-124-more-cases-3-days/,wrdw.com,English,pandemic_health,macro,9,
2026-01-13 07:45:00,Трагедия в новокузнецком роддоме . Ведется проверка после смерти девяти младенцев,https://tass.ru/proisshestviya/26132691,tass.ru,Russian,pandemic_health,macro,9,
2026-01-05 15:00:00,顺丰衡阳公司运输未检疫鸡苗被罚 查处前已运送超万单均未检疫,https://baijiahao.baidu.com/s?id=1853466721779585045,baijiahao.baidu.com,Chinese,pandemic_health,macro,9,
2026-01-09 20:30:00,S . C . health officials report 99 new measles cases this week,https://www.live5news.com/2026/01/09/sc-health-officials-report-99-new-measles-cases-this-week/,live5news.com,English,pandemic_health,macro,9,
2026-01-13 19:00:00,All Quarantine Zone : The Last Check items and how they work,https://www.destructoid.com/all-quarantine-zone-the-last-check-items-and-how-they-work/,destructoid.com,English,pandemic_health,macro,9,
2026-01-13 15:45:00,В Омск не пустили 16 тонн подозрительных томатов,https://www.bk55.ru/news/article/252382/,bk55.ru,Russian,pandemic_health,macro,9,
2026-01-11 09:30:00,"Sophie Adenot : Entraînement , quarantaine , piscine … A quoi va ressembler son dernier mois avant de senvoler vers lISS ? ",https://www.20minutes.fr/high-tech/sciences/4194827-20260111-sophie-adenot-entrainement-quarantaine-piscine-quoi-va-ressembler-dernier-mois-avant-envoler-vers-iss,20minutes.fr,French,pandemic_health,macro,9,
2026-01-07 12:00:00,买肉注意 ！ 海口秀英一摊位销售未检疫猪肉被罚 - 南海网,https://www.hinews.cn:443/page?n=2790157&m=1&s=1044,hinews.cn,Chinese,pandemic_health,macro,9,
2026-01-13 16:00:00,Корпус психфака МГУ на Моховой закрыт на карантин из - за кори,https://www.kommersant.ru/doc/8340588,kommersant.ru,Russian,pandemic_health,macro,9,
2026-01-13 19:00:00,All Quarantine Zone : The Last Check endings and how to get them,https://www.destructoid.com/all-quarantine-zone-the-last-check-endings-and-how-to-get-them/,destructoid.com,English,pandemic_health,macro,9,
2026-01-09 10:00:00,"Perdana , 48 Ton Durian Beku Indonesia Resmi Masuk Pasar China",https://www.merdeka.com/uang/perdana-48-ton-durian-beku-indonesia-resmi-masuk-pasar-china-518357-mvk.html,merdeka.com,Indonesian,pandemic_health,macro,9,
2026-01-09 04:15:00,Durian beku Indonesia resmi masuk pasar China,https://www.antaranews.com/berita/5341361/durian-beku-indonesia-resmi-masuk-pasar-china,antaranews.com,Indonesian,pandemic_health,macro,9,
2026-01-14 14:45:00,"Свыше 2 , 5 тысячи тонн подкарантинной продукции ввезли в Псковскую область за новогодние каникулы",https://pln-pskov.ru/business/576607.html,pln-pskov.ru,Russian,pandemic_health,macro,9,
2026-01-14 18:00:00,StarRupture and Quarantine Zone : The Last Check Debut on the Steam Charts,https://www.vgchartz.com/article/466757/steam-weekly-week-3-2026/,vgchartz.com,English,pandemic_health,macro,9,
2026-01-02 18:15:00,"DPH reports new measles cases in Upstate , bringing outbreak total to 185",https://www.live5news.com/2026/01/02/dph-reports-new-measles-cases-upstate-bringing-outbreak-total-185/,live5news.com,English,pandemic_health,macro,9,
2026-01-09 20:30:00,"Durian Beku Indonesia Resmi Masuki Pasar China , Barantin Jamin Kualitas Ekspor",https://www.merdeka.com/peristiwa/durian-beku-indonesia-resmi-masuki-pasar-china-barantin-jamin-kualitas-ekspor-518741-mvk.html,merdeka.com,Indonesian,pandemic_health,macro,9,
2026-01-15 17:15:00,Waspada Virus PPR : Pintu Masuk Daging Kambing dan Domba dari Asia Tenggara Diperketat,https://wartakota.tribunnews.com/nasional/879505/waspada-virus-ppr-pintu-masuk-daging-kambing-dan-domba-dari-asia-tenggara-diperketat,wartakota.tribunnews.com,Indonesian,pandemic_health,macro,9,
2026-01-02 23:30:00,"DPH reports new measles cases in Upstate , bringing outbreak total to 185",https://www.wmbfnews.com/2026/01/02/dph-reports-new-measles-cases-upstate-bringing-outbreak-total-185/,wmbfnews.com,English,pandemic_health,macro,9,
2026-01-06 10:15:00,"SLC dan SJC Gelar Karantina KMV Alumni , Matangkan Persiapan Ujian JLPT N4",https://lampost.co/advertorial/slc-dan-sjc-gelar-karantina-kmv-alumni-matangkan-persiapan-ujian-jlpt-n4/,lampost.co,Indonesian,pandemic_health,macro,9,
2026-01-13 09:15:00,How to get Research Points and complete upgrades in Quarantine Zone : The Last Check,https://www.destructoid.com/how-to-get-research-points-and-complete-upgrades-in-quarantine-zone-the-last-check/,destructoid.com,English,pandemic_health,macro,9,
2026-01-16 04:00:00,How to complete Lone Walkers in Quarantine Zone : The Last Check ? All zombie locations,https://www.destructoid.com/how-to-complete-lone-walkers-in-quarantine-zone-the-last-check-all-zombie-locations/,destructoid.com,English,pandemic_health,macro,9,
2026-01-01 21:30:00,"Incendie mortel dans un bar de Crans - Montana , en Suisse : six Français blessés et huit autres pas encore localisés , selon un nouveau bilan du Quai dOrsay",https://www.lindependant.fr/2026/01/01/incendie-mortel-dans-un-bar-de-crans-montana-en-suisse-six-francais-blesses-et-huit-pas-encore-localises-selon-un-nouveau-bilan-du-quai-dorsay-13140145.php,lindependant.fr,French,pandemic_health,macro,9,
2026-01-01 23:45:00,2e LEAD Suisse : une quarantaine de morts et 115 blessés dans lincendie dun bar à Crans - Montana,http://french.china.org.cn/foreign/txt/2026-01/02/content_118257649.htm,french.china.org.cn,French,pandemic_health,macro,9,
2026-01-15 16:15:00,Nordmænd straffes efter skihopskandale ved VM | Nyheder,https://www.dr.dk/nyheder/seneste/nordmaend-straffes-efter-skihopskandale-ved-vm,dr.dk,Danish,pandemic_health,macro,9,
2026-01-02 12:15:00,Les 12 BD de 2025 quil faut absolument avoir lues,https://www.nouvelobs.com/bibliobs/20260102.OBS111129/les-12-bd-de-2025-qu-il-faut-absolument-avoir-lues.html,nouvelobs.com,French,pandemic_health,macro,9,
2026-01-02 19:15:00,"SC measles outbreak grows , spreads to North Carolina",https://www.postandcourier.com/health/sc-measles-outbreak-growing-north-carolina/article_2291762f-8892-4941-b721-b61021c07561.html,postandcourier.com,English,pandemic_health,macro,9,
2026-01-09 07:00:00,Ввезенный из России картофель вернули из - за фитосанитарных нарушений,https://www.vb.kg/doc/454165_vvezennyy_iz_rossii_kartofel_vernyli_iz_za_fitosanitarnyh_narysheniy.html,vb.kg,Russian,pandemic_health,macro,9,
2026-01-03 18:45:00,"Otomotiv endüstrisi geçen yıl 41 , 5 milyar dolarla en fazla ihracat yapan sektör oldu",https://www.bloomberght.com/otomotiv-endustrisi-gecen-yil-41-5-milyar-dolarla-en-fazla-ihracat-yapan-sektor-oldu-3765302,bloomberght.com,Turkish,automotive,sector,8,"['TESLA', 'STELLANTIS']"
2026-01-07 06:15:00,Otomotiv sektöründen dış satım rekoru,https://www.yeniasir.com.tr/ekonomi/2026/01/07/otomotiv-sektorunden-dis-satim-rekoru,yeniasir.com.tr,Turkish,automotive,sector,8,"['TESLA', 'STELLANTIS']"
2026-01-03 08:30:00,Рекорд за год : автопром Казахстана прибавил более 25 % ,https://azh.kz/ru/news/view/123467,azh.kz,Russian,automotive,sector,8,"['TESLA', 'STELLANTIS']"
2026-01-14 00:15:00,Pangsa Pasar Otomotif Astra Group Tergerus Jadi 51 Persen di 2025,https://otomotif.kompas.com/read/2026/01/14/064200715/pangsa-pasar-otomotif-astra-group-tergerus-jadi-51-persen-di-2025,otomotif.kompas.com,Indonesian,automotive,sector,8,"['TESLA', 'STELLANTIS']"
2026-01-15 18:15:00,"Anfavea vê oportunidades , mas também desafios de competitividade no acordo Mercosul - UE | Economia",https://odia.ig.com.br/economia/2026/01/7193697-anfavea-ve-oportunidades-mas-tambem-desafios-de-competitividade-no-acordo-mercosul-ue.html,odia.ig.com.br,Portuguese,automotive,sector,8,"['TESLA', 'STELLANTIS']"
2026-01-06 09:45:00,"Türkiye otomotiv sektörü 2025  te 41 , 5 milyar dolarlık ihracatla rekor kırdı",https://www.haberler.com/ekonomi/turkiye-otomotiv-ihracati-2025-te-41-5-milyar-dolari-asti-19430726-haberi/,haberler.com,Turkish,automotive,sector,8,"['TESLA', 'STELLANTIS']"
2026-01-03 03:15:00,Ветераны автомобильной отрасли бьют тревогу : китайские автомобили захватывают европейский рынок,https://rus.azattyq.org/a/china-cars-europe-auto-industry-disruption/33635410.html,rus.azattyq.org,Russian,automotive,sector,8,"['TESLA', 'STELLANTIS']"
2026-01-03 21:30:00,Otomotiv endüstrisi geçen yıl en fazla ihracat yapan sektör oldu,https://www.konhaber.com/guncel/otomotiv_endustrisi_gecen_yil_en_fazla_ihracat_yapan_sektor_oldu-1987654h,konhaber.com,Turkish,automotive,sector,8,"['TESLA', 'STELLANTIS']"
2026-01-11 07:00:00,"Donut Lab Kenalkan Baterai Solid - State , Pengisian Penuh hanya 5 Menit",https://otomotif.sindonews.com/read/1665015/183/donut-lab-kenalkan-baterai-solid-state-pengisian-penuh-hanya-5-menit-1768104075,otomotif.sindonews.com,Indonesian,automotive,sector,8,"['TESLA', 'STELLANTIS']"
2026-01-13 09:15:00,Automobilindustrie - News : Neuste Nachrichten aus der Autoindustrie,https://www.wiwo.de/themen/auto,wiwo.de,German,automotive,sector,8,"['TESLA', 'STELLANTIS']"
2026-01-15 17:15:00,NATO katonák tartanak Grönlandra - Mi jöhet most ? ,https://www.penzcentrum.hu/podcast/20260115/nato-katonak-tartanak-gronlandra-mi-johet-most,penzcentrum.hu,Hungarian,automotive,sector,8,"['TESLA', 'STELLANTIS']"
2026-01-04 06:00:00,Otomotiv endüstrisi 2025  te en fazla ihracat yapan sektör oldu,https://www.sozcu.com.tr/otomotiv-endustrisi-2025-te-en-fazla-ihracat-yapan-sektor-oldu-p280985,sozcu.com.tr,Turkish,automotive,sector,8,"['TESLA', 'STELLANTIS']"
2026-01-09 17:30:00,Autosalon ingehuldigd door vicepremier Jambon en eurocommissaris Tzitzikostas,https://www.nieuwsblad.be/nieuws/autosalon-ingehuldigd-door-vicepremier-jambon-en-eurocommissaris-tzitzikostas/122777520.html,nieuwsblad.be,Dutch,automotive,sector,8,"['TESLA', 'STELLANTIS']"
2026-01-04 10:00:00,Sanayide çarklar dönüyor ... Tüm zamanlarýn en yükseði,https://www.aksam.com.tr/ekonomi/sanayide-carklar-donuyor-tum-zamanlarin-en-yuksegi/haber-1632009,aksam.com.tr,Turkish,automotive,sector,8,"['TESLA', 'STELLANTIS']"
2026-01-14 03:15:00,Estas son las marcas de autos con más quejas ante Profeco en México,https://www.elsiglodetorreon.com.mx/noticia/2026/estas-son-las-marcas-de-autos-con-mas-quejas-ante-profeco-en-mexico.html,elsiglodetorreon.com.mx,Spanish,automotive,sector,8,"['TESLA', 'STELLANTIS']"
2026-01-16 00:15:00,Безпрецедентно ! 104 000 души останаха на улицата - Бизнес Новини Стандарт,https://www.standartnews.com/biznes/bezprecedentno-104-000-dushi-ostanaha-na-ulicata-620728.html,standartnews.com,Bulgarian,automotive,sector,8,"['TESLA', 'STELLANTIS']"
2026-01-13 09:15:00,"Otomotiv yan sanayisinde rekor : Dış satış 15 , 8 milyar dolara ulaştı",https://www.dunya.com/sektorler/otomotiv/otomotiv-yan-sanayisinde-rekor-dis-satis-158-milyar-dolara-ulasti-haberi-811113,dunya.com,Turkish,automotive,sector,8,"['TESLA', 'STELLANTIS']"
2026-01-10 10:45:00,"Meten freno aranceles de Trump a vehículos ; bajan producción y exportación en 2025 – Periódico Zócalo | Noticias de Saltillo , Torreón , Piedras Negras , Monclova , Acuña",https://www.zocalo.com.mx/meten-freno-aranceles-de-trump-a-vehiculos-bajan-produccion-y-exportacion-en-2025/,zocalo.com.mx,Spanish,automotive,sector,8,"['TESLA', 'STELLANTIS']"
2026-01-14 16:30:00,Passenger car exports drive record for automotive industry,https://www.hurriyetdailynews.com/passenger-car-exports-drive-record-for-automotive-industry-217825,hurriyetdailynews.com,English,automotive,sector,8,"['TESLA', 'STELLANTIS']"
2026-01-14 09:45:00,Binek otomobil ihracatında tarihi rekor,https://www.sabah.com.tr/ekonomi/binek-otomobil-ihracatinda-tarihi-rekor-7503690,sabah.com.tr,Turkish,automotive,sector,8,"['TESLA', 'STELLANTIS']"
2026-01-08 01:30:00,OVO Painting Expands Professional Painting Services,https://www.openpr.com/news/4339787/ovo-painting-expands-professional-painting-services,openpr.com,English,automotive,sector,8,"['TESLA', 'STELLANTIS']"
2026-01-08 01:30:00,Legend Junk Removal Launches Full - Service Junk Removal,https://www.openpr.com/news/4339790/legend-junk-removal-launches-full-service-junk-removal,openpr.com,English,automotive,sector,8,"['TESLA', 'STELLANTIS']"
2026-01-08 01:30:00,Johnson Junk Removal Adds Shed & Outdoor Structure Demolition,https://www.openpr.com/news/4339789/johnson-junk-removal-adds-shed-outdoor-structure-demolition,openpr.com,English,automotive,sector,8,"['TESLA', 'STELLANTIS']"
2026-01-08 01:30:00,Valley Junk Removal Now Offers Shed & Hot Tub Removal for Hazel,https://www.openpr.com/news/4339788/valley-junk-removal-now-offers-shed-hot-tub-removal-for-hazel,openpr.com,English,automotive,sector,8,"['TESLA', 'STELLANTIS']"
2026-01-09 08:00:00,Сколько легковых авто произвели в Казахстане в 2025 году,https://forbes.kz/articles/skolko-legkovyh-avto-proizveli-v-kazahstane-v-2025-godu-0110df,forbes.kz,Russian,automotive,sector,8,"['TESLA', 'STELLANTIS']"
2026-01-09 10:45:00,Priemyselná produkcia v Nemecku v novembri vzrástla,https://www.teraz.sk/ekonomika/priemyselna-produkcia-v-nemecku-v-novem/932242-clanok.html,teraz.sk,Slovak,automotive,sector,8,"['TESLA', 'STELLANTIS']"
2026-01-12 11:00:00,Wordt de Europese auto - industrie in 2026 weer sexy ? ,https://www.autoblog.nl/nieuws/wordt-de-europese-auto-industrie-in-2026-weer-sexy-7201763,autoblog.nl,Dutch,automotive,sector,8,"['TESLA', 'STELLANTIS']"
2026-01-13 08:45:00,Türk otomotiv yan sanayisi 2025  te küresel pazarda rekor tazeledi,https://www.trthaber.com/haber/ekonomi/turk-otomotiv-yan-sanayisi-2025te-kuresel-pazarda-rekor-tazeledi-931439.html,trthaber.com,Turkish,automotive,sector,8,"['TESLA', 'STELLANTIS']"
2026-01-07 12:15:00,Bukti Data Kendaraan GAC Aman,https://otomotif.kompas.com/read/2026/01/07/185100215/bukti-data-kendaraan-gac-aman,otomotif.kompas.com,Indonesian,automotive,sector,8,"['TESLA', 'STELLANTIS']"
2026-01-04 07:45:00,Эксперты оценили перспективы индийских автомобилей на рынке РФ,https://tass.ru/ekonomika/26028761,tass.ru,Russian,automotive,sector,8,"['TESLA', 'STELLANTIS']"
2026-01-02 03:45:00,"Margin Laba Industri Otomotif China Menipis , Konsolidasi Jadi Solusi",https://otomotif.kompas.com/read/2026/01/02/100200915/margin-laba-industri-otomotif-china-menipis-konsolidasi-jadi-solusi,otomotif.kompas.com,Indonesian,automotive,sector,8,"['TESLA', 'STELLANTIS']"
2026-01-06 09:45:00,Bursa OİB açıkladı : Otomotiv sektöründen 41 milyar dolarlık ihracat rekoru ! ,https://www.bursahakimiyet.com.tr/bursa/bursa-oib-acikladi-otomotiv-sektorunden-41-milyar-dolarlik-ihracat-rekoru-1560221,bursahakimiyet.com.tr,Turkish,automotive,sector,8,"['TESLA', 'STELLANTIS']"
2026-01-07 10:00:00,Daihatsu Berharap Dukungan Pemerintah Pulihkan Pasar Otomotif 2026,https://otomotif.bisnis.com/read/20260107/46/1942399/daihatsu-berharap-dukungan-pemerintah-pulihkan-pasar-otomotif-2026,otomotif.bisnis.com,Indonesian,automotive,sector,8,"['TESLA', 'STELLANTIS']"
2026-01-11 13:00:00,Balance de la industria automotriz 2025 : un escenario de contrastes,https://www.mdzol.com/mdz-autos/balance-la-industria-automotriz-2025-un-escenario-contrastes-n1423222,mdzol.com,Spanish,automotive,sector,8,"['TESLA', 'STELLANTIS']"
2026-01-06 10:45:00,Toyota : 2026 Harus Jadi Momentum Pemulihan Pasar Otomotif,https://otomotif.bisnis.com/read/20260106/275/1942087/toyota-2026-harus-jadi-momentum-pemulihan-pasar-otomotif,otomotif.bisnis.com,Indonesian,automotive,sector,8,"['TESLA', 'STELLANTIS']"
2026-01-13 09:15:00,Türk otomotiv yan sanayisinden küresel başarı : 2025  te rekor kırdı,https://www.sabah.com.tr/ekonomi/turk-otomotiv-yan-sanayisinden-kuresel-basari-2025te-rekor-kirdi-7502908,sabah.com.tr,Turkish,automotive,sector,8,"['TESLA', 'STELLANTIS']"
2026-01-08 04:15:00,"Rising from the Jianghuai Region , Advancing Toward the Future",http://english.anhuinews.com/newscenter/headline/202601/t20260108_9023606.html,english.anhuinews.com,English,automotive,sector,8,"['TESLA', 'STELLANTIS']"
2026-01-14 13:15:00,Kia Next Chapter Wajah Baru Industri Otomotif Korsel di Indonesia,https://otomotif.sindonews.com/read/1666215/183/kias-next-chapter-wajah-baru-industri-otomotif-korsel-di-indonesia-1768388484,otomotif.sindonews.com,Indonesian,automotive,sector,8,"['TESLA', 'STELLANTIS']"
2026-01-09 10:00:00,Deutsche Industrie bleibt überraschend auf Erholungskurs,https://www.t-online.de/finanzen/aktuelles/id_101074912/deutsche-industrie-bleibt-ueberraschend-auf-erholungskurs.html,t-online.de,German,automotive,sector,8,"['TESLA', 'STELLANTIS']"
2026-01-08 13:15:00,بهترین خودروهای سال معرفی شدند,https://www.khabaronline.ir/news/2167262/%D8%A8%D9%87%D8%AA%D8%B1%DB%8C%D9%86-%D8%AE%D9%88%D8%AF%D8%B1%D9%88%D9%87%D8%A7%DB%8C-%D8%B3%D8%A7%D9%84-%D8%A7%D8%B9%D9%84%D8%A7%D9%85-%D8%B4%D8%AF%D9%86%D8%AF,khabaronline.ir,Persian,automotive,sector,8,"['TESLA', 'STELLANTIS']"
2026-01-09 18:00:00,Producción de autos cayó 0 . 9 % en 2025 ante amenazas arancelarias de EE . UU . ,https://lopezdoriga.com/economia-y-finanzas/produccion-de-autos-cayo-2025-amenazas-arancelarias-eeuu/,lopezdoriga.com,Spanish,automotive,sector,8,"['TESLA', 'STELLANTIS']"
2026-01-06 00:15:00,QOTD : What Going To Happen With The Automotive Industry In 2026 ? ,https://www.thetruthaboutcars.com/cars/question-of-the-day/qotd-what-s-going-to-happen-with-the-automotive-industry-in-2026-45133111,thetruthaboutcars.com,English,automotive,sector,8,"['TESLA', 'STELLANTIS']"
2026-01-09 08:45:00,"Germania : Ifo , migliora a dicembre clima fiducia industria automobilistica",https://www.borsaitaliana.it/borsa/notizie/radiocor/finanza/dettaglio/germania-ifo-migliora-a-dicembre-clima-fiducia-industria-automobilistica-nRC_09012026_0813_123210968.html,borsaitaliana.it,Italian,automotive,sector,8,"['TESLA', 'STELLANTIS']"
2026-01-08 03:30:00,GAC Group Jadi yang Pertama Dapat Sertifikat Keamanan Data Kendaraan,https://www.liputan6.com/otomotif/read/6252526/gac-group-jadi-yang-pertama-dapat-sertifikat-keamanan-data-kendaraan,liputan6.com,Indonesian,automotive,sector,8,"['TESLA', 'STELLANTIS']"
2026-01-09 08:15:00,Deutsche Industrie bleibt überraschend auf Erholungskurs,https://www.weser-kurier.de/wirtschaft/deutsche-industrie-bleibt-ueberraschend-auf-erholungskurs-doc8420hqqqqe0ktxj5nl2,weser-kurier.de,German,automotive,sector,8,"['TESLA', 'STELLANTIS']"
2026-01-09 10:45:00,Berobbanóban az e - autós forradalom a legfontosabb piacunkon,https://www.portfolio.hu/gazdasag/20260109/berobbanoban-az-e-autos-forradalom-a-legfontosabb-piacunkon-809955,portfolio.hu,Hungarian,automotive,sector,8,"['TESLA', 'STELLANTIS']"
2026-01-03 01:45:00,"Terpopuler : Sindiran Bos BYD , Ekspor RI ke Meksiko Terancam , dan Janji Tesla yang Meleset",https://www.viva.co.id/otomotif/1871595-terpopuler-sindiran-bos-byd-ekspor-ri-ke-meksiko-terancam-dan-janji-tesla-yang-meleset,viva.co.id,Indonesian,automotive,sector,8,"['TESLA', 'STELLANTIS']"
2026-01-09 17:30:00,"Producción de autos en México cae 0 , 9 % durante 2025 ante amenazas arancelarias de EU – Periódico Zócalo | Noticias de Saltillo , Torreón , Piedras Negras , Monclova , Acuña",https://www.zocalo.com.mx/produccion-de-autos-en-mexico-cae-09-durante-2025-ante-amenazas-arancelarias-de-eu/,zocalo.com.mx,Spanish,automotive,sector,8,"['TESLA', 'STELLANTIS']"
2026-01-03 01:15:00,"Tesla потеряла лидерство на рынке электромобилей , уступив компании , над которой смеялся Маск",https://riasv.ru/politics/2026/01/03/tesla-poteriala-liderstvo-na-rynke-elektromobilei-ystypiv-kompanii-nad-kotoroi-smeialsia-mask/,riasv.ru,Russian,automotive,sector,8,"['TESLA', 'STELLANTIS']"
2026-01-09 20:15:00,La producción de autos en México cae 0 . 9 % en 2025 ante amenazas arancelarias de EU,https://forbes.com.mx/la-produccion-de-autos-en-mexico-cae-0-9-en-2025-ante-amenazas-arancelarias-de-eu/,forbes.com.mx,Spanish,automotive,sector,8,"['TESLA', 'STELLANTIS']"
2026-01-09 02:15:00,"Sukarto Bujung Serok Jutaan Lembar Saham HOKI , Produsen Beras Topi Koki",https://premium.bisnis.com/read/20260109/656/1942916/sukarto-bujung-serok-jutaan-lembar-saham-hoki-produsen-beras-topi-koki,premium.bisnis.com,Indonesian,luxury_consumer,sector,7,"['LVMH', 'INTERCONT_HOTELS']"
2026-01-16 04:45:00,High - end apartment brand marketing faces consequences,https://www.koreatimes.co.kr/business/companies/20260116/high-end-apartment-brand-marketing-faces-consequences,koreatimes.co.kr,English,luxury_consumer,sector,7,"['LVMH', 'INTERCONT_HOTELS']"
2026-01-06 01:15:00,"В России подорожали все модели Exeed во всех комплектациях : флагманский Exeed VX прибавил 90 тыс . рублей , Exeed RX 110 тыс . рублей",https://www.ixbt.com/news/2026/01/06/exeed-exeed-vx-90-exeed-rx-110.html,ixbt.com,Russian,luxury_consumer,sector,7,"['LVMH', 'INTERCONT_HOTELS']"
2026-01-06 10:30:00," « Китайский Land Rover » с полным приводом и 476 л . с . подорожал в России : Rox 01 теперь стоит минимум 8 , 35 млн рублей",https://www.ixbt.com/news/2026/01/06/land-rover-476-rox-01-8-35.html,ixbt.com,Russian,luxury_consumer,sector,7,"['LVMH', 'INTERCONT_HOTELS']"
2026-01-15 04:30:00,"Svi znamo za Škodu , Volkswagen , Suzuki ... No znate li koji su najrjeđi automobili na hrvatskim cestama ? ",https://www.glasistre.hr/automoto/2026/01/14/svi-znamo-za-skodu-volkswagen-suzuki-no-znate-li-koji-su-najrjedi-automobili-na-hrvatskim-cesta-1044594,glasistre.hr,Croatian,luxury_consumer,sector,7,"['LVMH', 'INTERCONT_HOTELS']"
2026-01-14 04:30:00,"中 프리미엄 자동차  훙치 , 이스라엘서 신형 전기차 모델  E - HS5  출시 - Xinhua",http://kr.xinhuanet.com/20260114/100f5d3ab4bb45b8b20dc7a26b45e22d/c.html,kr.xinhuanet.com,Korean,luxury_consumer,sector,7,"['LVMH', 'INTERCONT_HOTELS']"
2026-01-13 08:30:00,"Mohit Industries Share Price Today | Mohit Industries Stock Analysis , Financials & Updates",https://timesofindia.indiatimes.com/business/markets/stocks/mohit-industries-ltd,timesofindia.indiatimes.com,English,luxury_consumer,sector,7,"['LVMH', 'INTERCONT_HOTELS']"
2026-01-04 09:15:00,제네시스 누적 150만대 돌파 … 국내차 올 트리플 성장  ,https://www.etoday.co.kr/news/view/2541615,etoday.co.kr,Korean,luxury_consumer,sector,7,"['LVMH', 'INTERCONT_HOTELS']"
2026-01-07 11:00:00,Китайский премиум от Great Wall становится дороже : Wey поднял цены на кроссовер 07 и минивэн 80 в России,https://www.ixbt.com/news/2026/01/07/great-wall-wey-07-80.html,ixbt.com,Russian,luxury_consumer,sector,7,"['LVMH', 'INTERCONT_HOTELS']"
2026-01-15 04:30:00," « Один из лучших результатов за всю историю бренда в России ». В декабре 2025 года россияне купили 1590 автомобилей Voyah , кроссовер Voyah Free абсолютный хит",https://www.ixbt.com/news/2026/01/15/2025-1590-voyah-voyah-free.html,ixbt.com,Russian,luxury_consumer,sector,7,"['LVMH', 'INTERCONT_HOTELS']"
2026-01-15 12:00:00,Цены на бензин в Липецкой области выросли с начала года,https://gorod48.ru/news/1979305/,gorod48.ru,Russian,luxury_consumer,sector,7,"['LVMH', 'INTERCONT_HOTELS']"
2026-01-09 07:30:00,"Promo Alfamart Indomaret 9 - 15 Januari 2026 , Cek Diskon Minyak Goreng , Beras 5 Kg dan Deterjen",https://bangka.tribunnews.com/bisnis/1673603/promo-alfamart-indomaret-9-15-januari-2026-cek-diskon-minyak-goreng-beras-5-kg-dan-deterjen,bangka.tribunnews.com,Indonesian,luxury_consumer,sector,7,"['LVMH', 'INTERCONT_HOTELS']"
2026-01-06 09:00:00,xTool definiert das nächste Kapitel der kreativen Fertigung auf der CES 2026,https://www.prnewswire.com/news-releases/xtool-definiert-das-nachste-kapitel-der-kreativen-fertigung-auf-der-ces-2026-302653634.html,prnewswire.com,German,luxury_consumer,sector,7,"['LVMH', 'INTERCONT_HOTELS']"
2026-01-09 08:00:00,Buy APL Apollo Tubes ; target of Rs 2260 : Motilal Oswal,https://www.moneycontrol.com/news/business/stocks/buy-apl-apollo-tubes-target-of-rs-2260-motilal-oswal-13765051.html,moneycontrol.com,English,luxury_consumer,sector,7,"['LVMH', 'INTERCONT_HOTELS']"
2026-01-14 18:30:00,"Продажи Voyah в России в 2025 году : статистика , цифры :: Autonews",https://www.autonews.ru/news/6967a5e39a794721bc148317,autonews.ru,Russian,luxury_consumer,sector,7,"['LVMH', 'INTERCONT_HOTELS']"
2026-01-14 07:30:00,서울 첫 분양은  드파인 연희 … 국민평형 분양가 15억,http://m.metroseoul.co.kr/article/20260114500338,m.metroseoul.co.kr,Korean,luxury_consumer,sector,7,"['LVMH', 'INTERCONT_HOTELS']"
2026-01-13 14:45:00,Ексглава підрозділу Unilever очолив маркетинг  МакДональдз  в Україні,https://delo.ua/news/eksglava-pidrozdilu-unilever-ocoliv-marketing-makdonaldz-v-ukrayini-458257/,delo.ua,Ukrainian,luxury_consumer,sector,7,"['LVMH', 'INTERCONT_HOTELS']"
2026-01-05 08:45:00,"굽네 듀먼 , 100 % 황태살로 만든 저염  듀먼 황태 듬뿍 파우더  출시",https://www.insight.co.kr/news/536389,insight.co.kr,Korean,luxury_consumer,sector,7,"['LVMH', 'INTERCONT_HOTELS']"
2026-01-09 11:00:00,M & S shoppers find  quality  £36 knit  comparable in every way  to  premium brand  ,https://www.liverpoolecho.co.uk/whats-on/shopping/ms-shoppers-find-quality-36-33197397,liverpoolecho.co.uk,English,luxury_consumer,sector,7,"['LVMH', 'INTERCONT_HOTELS']"
2026-01-02 10:30:00,"Rapor Penjualan Chery Group di 2025 , Ekspor Jutaan Mobil",https://otomotif.kompas.com/read/2026/01/02/170100815/rapor-penjualan-chery-group-di-2025-ekspor-jutaan-mobil,otomotif.kompas.com,Indonesian,luxury_consumer,sector,7,"['LVMH', 'INTERCONT_HOTELS']"
2026-01-07 02:15:00,서울 4대 하천 근처 아파트 인기 ... 매매가 강세,https://www.fnnews.com/news/202601070830469618,fnnews.com,Korean,luxury_consumer,sector,7,"['LVMH', 'INTERCONT_HOTELS']"
2026-01-13 02:00:00,제네시스  GV60 마그마  오늘 공식 출시 ... 650마력 쏟아붓는 역대급 괴물 등판했다,https://www.insight.co.kr/news/537716,insight.co.kr,Korean,luxury_consumer,sector,7,"['LVMH', 'INTERCONT_HOTELS']"
2026-01-06 14:30:00,Чайна Мотор Къмпани е най - големият вносител и ексклузивен дилър на китайски автомобили в България ᐉ Новини от Fakti . bg - Бизнес,https://fakti.bg/biznes/1025620-chaina-motor-kampani-e-nai-golemiat-vnositel-i-ekskluziven-dilar-na-kitaiski-avtomobili-v-balgaria,fakti.bg,Bulgarian,luxury_consumer,sector,7,"['LVMH', 'INTERCONT_HOTELS']"
2026-01-07 03:30:00,"롯데百 , 조니워커 블루 팝업스토어 오픈 ...  유통업계 최초  ",https://www.insight.co.kr/news/536742,insight.co.kr,Korean,luxury_consumer,sector,7,"['LVMH', 'INTERCONT_HOTELS']"
2026-01-13 01:00:00,"분양시장 점령하는 하이엔드 주거 브랜드 , 올해 마수걸이 분양 단지 어디 ? ",https://biz.heraldcorp.com/article/10654136,biz.heraldcorp.com,Korean,luxury_consumer,sector,7,"['LVMH', 'INTERCONT_HOTELS']"
2026-01-09 17:45:00, _ 金风科技 ( 002202 ) 股吧 _ 东方财富网股吧,"https://guba.eastmoney.com/o/news,002202,1651056809.html",guba.eastmoney.com,Chinese,luxury_consumer,sector,7,"['LVMH', 'INTERCONT_HOTELS']"
2026-01-11 23:15:00,"삼성전자 , 인도인이 좋아하는 프리미엄 브랜드 됐다 ... 30년만의 결실",https://www.hankookilbo.com:443/News/Read/A2026010800280001107,hankookilbo.com,Korean,luxury_consumer,sector,7,"['LVMH', 'INTERCONT_HOTELS']"
2026-01-12 09:45:00,"  Tiger  is a common , generic word ; trademark cannot be claimed : Delhi High Court",https://www.barandbench.com/news/litigation/tiger-is-a-common-generic-word-trademark-cannot-be-claimed-delhi-high-court,barandbench.com,English,luxury_consumer,sector,7,"['LVMH', 'INTERCONT_HOTELS']"
2026-01-14 23:30:00,"신세계百 ,  베이비 웰컴 위크  열고 유아용품 매출 훈풍 잇는다",https://www.ddaily.co.kr:443/page/view/2026011417255651442,ddaily.co.kr,Korean,luxury_consumer,sector,7,"['LVMH', 'INTERCONT_HOTELS']"
2026-01-12 07:45:00,Elegantni kineski karavan stiže u Evropu : Konkurentna cena i domet od 660 km FOTO,https://naslovi.net/2026-01-12/b92/elegantni-kineski-karavan-stize-u-evropu-konkurentna-cena-i-domet-od-660-km-foto/41192759,naslovi.net,Serbian,luxury_consumer,sector,7,"['LVMH', 'INTERCONT_HOTELS']"
2026-01-14 13:00:00,  โอ๋ ภัคจีรา  ฟาดร่างใหม่ไฟลุก 4 เดือนหายไป 20 กก . ทวงตำแหน่งตัวแม่เซ็กซี่,https://www.sanook.com/news/9868090/,sanook.com,Thai,luxury_consumer,sector,7,"['LVMH', 'INTERCONT_HOTELS']"
2026-01-01 12:45:00,"APL Apollo shares : Nuvama maintains  BUY  on record Q3 volumes , raises target price",https://www.businesstoday.in/markets/stocks/story/apl-apollo-shares-nuvama-maintains-buy-on-record-q3-volumes-raises-target-price-509034-2026-01-01,businesstoday.in,English,luxury_consumer,sector,7,"['LVMH', 'INTERCONT_HOTELS']"
2026-01-11 10:15:00,Slobodna Dalmacija - Nakon više od pola stoljeća Stari kontinent je izabrao svog kralja : Mercedes CLA je Europski automobil godine 2026 . ,https://slobodnadalmacija.hr/auto-moto/nakon-vise-od-pola-stoljeca-stari-kontinent-je-izabrao-svog-kralja-mercedes-cla-je-europski-automobil-godine-2026-1530243,slobodnadalmacija.hr,Croatian,luxury_consumer,sector,7,"['LVMH', 'INTERCONT_HOTELS']"
2026-01-13 10:00:00,"  국내시장 맞춤전략으로 차별화  우리와 , 펫푸드 연구소 개소",https://ichannela.com/news/detail/000000509690.do,ichannela.com,Korean,luxury_consumer,sector,7,"['LVMH', 'INTERCONT_HOTELS']"
2026-01-06 08:30:00,Dell revives XPS brand with new laptops to boost PC market share,https://www.rappler.com/technology/dell-revives-xps-brand-laptops-ces-2026/,rappler.com,English,luxury_consumer,sector,7,"['LVMH', 'INTERCONT_HOTELS']"
2026-01-07 17:00:00,Five arrested as excise officials bust liquor adulteration gang in Shamshabad,https://www.thehindu.com/news/cities/Hyderabad/five-arrested-as-excise-officials-bust-liquor-adulteration-gang-in-shamshabad/article70482011.ece,thehindu.com,English,luxury_consumer,sector,7,"['LVMH', 'INTERCONT_HOTELS']"
2026-01-06 05:45:00,Dell revives XPS brand with new laptops to boost PC market share,https://www.thehindu.com/sci-tech/technology/dell-revives-xps-brand-with-new-laptops-to-boost-pc-market-share/article70476640.ece,thehindu.com,English,luxury_consumer,sector,7,"['LVMH', 'INTERCONT_HOTELS']"
2026-01-12 06:30:00,"中 지리자동차그룹 ,  CES 2026  서 차세대 혁신 기술 공개자율주행 고도화",http://www.metroseoul.co.kr/article/20260112500389,metroseoul.co.kr,Korean,luxury_consumer,sector,7,"['LVMH', 'INTERCONT_HOTELS']"
2026-01-15 04:45:00, 【 開店情報 】 プレミアムチョコレートブランド 「 リンツ 」 が鳥栖プレミアム ・ アウトレットに1月16日オープン 佐賀県鳥栖市 | 経済 | 佐賀県のニュース,https://www.saga-s.co.jp/articles/-/1631091,saga-s.co.jp,Japanese,luxury_consumer,sector,7,"['LVMH', 'INTERCONT_HOTELS']"
2026-01-12 14:00:00,British bicycle brand Muddyfox enters India with 18 - model lineup,https://bestmediainfo.com/mediainfo/mediainfo-marketing/british-bicycle-brand-muddyfox-enters-india-with-18-model-lineup-10992533,bestmediainfo.com,English,luxury_consumer,sector,7,"['LVMH', 'INTERCONT_HOTELS']"
2026-01-01 08:00:00,Mahesh Babu To Inaugurate AMB Theatre In Bengaluru ? ,https://www.deccanchronicle.com/southern-states/karnataka/mahesh-babu-is-expanding-his-theatre-business-in-karnataka-in-2026-1927610,deccanchronicle.com,English,luxury_consumer,sector,7,"['LVMH', 'INTERCONT_HOTELS']"
2026-01-14 09:00:00,"만트럭버스코리아 , 창립 25주년 기념 특별 캠페인 실시",https://www.edaily.co.kr/News/Read?newsId=04454246645317720&mediaCodeNo=257,edaily.co.kr,Korean,luxury_consumer,sector,7,"['LVMH', 'INTERCONT_HOTELS']"
2026-01-16 17:00:00,Denza ready to fight LandCruiser and Patrol ! ,https://www.canberratimes.com.au/story/9154796/denza-ready-to-fight-landcruiser-and-patrol/,canberratimes.com.au,English,luxury_consumer,sector,7,"['LVMH', 'INTERCONT_HOTELS']"
2026-01-02 08:45:00,"다듀 최자 복분자주 분자 , 신라 금관 입고 돌아왔다 … 더현대 서울서 한정판 팝업 자식같은 술 - NSP통신",https://www.nspna.com/news/?mode=view&newsid=795758&cid=2301,nspna.com,Korean,luxury_consumer,sector,7,"['LVMH', 'INTERCONT_HOTELS']"
2026-01-02 08:45:00,"다듀 최자 복분자주 분자 , 신라 금관 입고 돌아왔다 … 더현대 서울서 한정판 팝업 자식같은 술 - NSP통신",https://www.nspna.com/news/?mode=view&newsid=795758,nspna.com,Korean,luxury_consumer,sector,7,"['LVMH', 'INTERCONT_HOTELS']"
2026-01-05 23:30:00,Dell revives XPS brand with new laptops to boost PC market share,https://www.yahoo.com/news/articles/dell-revives-xps-brand-laptops-230111459.html,yahoo.com,English,luxury_consumer,sector,7,"['LVMH', 'INTERCONT_HOTELS']"
2026-01-07 06:15:00,굿즈에 한정판 … 식품업계 연초  붉은 말  마케팅,https://www.edaily.co.kr/News/Read?newsId=03768726645315424&mediaCodeNo=257,edaily.co.kr,Korean,luxury_consumer,sector,7,"['LVMH', 'INTERCONT_HOTELS']"
2026-01-10 04:45:00,가성비 넘어 갓성비로⋯대형마트까지 번진  소용량ㆍ초저가 화장품 전쟁  ,https://www.etoday.co.kr/news/view/2544130,etoday.co.kr,Korean,luxury_consumer,sector,7,"['LVMH', 'INTERCONT_HOTELS']"
2026-01-04 09:45:00,Gasgoo Auto News | China Automotive News,https://autonews.gasgoo.com/search?tagId=1893920249686923344,autonews.gasgoo.com,English,luxury_consumer,sector,7,"['LVMH', 'INTERCONT_HOTELS']"
2026-01-14 13:30:00,Werther : Pikeur holt Olympiasieger Christian Kukuk mit ins Boot,https://www.westfalen-blatt.de/owl/kreis-guetersloh/werther/olympiasieger-pikeur-eskadron-christian-kukuk-3471830,westfalen-blatt.de,German,luxury_consumer,sector,7,"['LVMH', 'INTERCONT_HOTELS']"
2026-01-09 05:15:00,В Танзании оценили перспективы прямого авиасообщения с Россией,https://ria.ru/20260109/tanzanija-2066961523.html,ria.ru,Russian,defense_aerospace,sector,7,"['THALES', 'AIRBUS']"
2026-01-08 04:45:00,У Токио нет данных о переговорах с РФ о возобновлении прямого авиасообщения,https://tass.ru/mezhdunarodnaya-panorama/26105377,tass.ru,Russian,defense_aerospace,sector,7,"['THALES', 'AIRBUS']"
2026-01-03 10:15:00,Минтранс оценил возможность закрытия авиасообщения с Венесуэлой,https://ria.ru/20260103/mintrans-2066180524.html,ria.ru,Russian,defense_aerospace,sector,7,"['THALES', 'AIRBUS']"
2026-01-06 00:15:00, 「 空中看  十四五 · 立体新格局 」 航旅联动  飞阅  贵州 ！ 支支串飞  开通以来 ， 兴义机场输送旅客超32万人次,https://baijiahao.baidu.com/s?id=1853519515713822215,baijiahao.baidu.com,Chinese,defense_aerospace,sector,7,"['THALES', 'AIRBUS']"
2026-01-06 02:30:00,  支支串飞  开通以来 ， 兴义机场输送旅客超32万人次 - 新华网,http://www.gz.xinhuanet.com/20260106/2f246ef858944dd3b7897fcd1fb5fddb/c.html,gz.xinhuanet.com,Chinese,defense_aerospace,sector,7,"['THALES', 'AIRBUS']"
2026-01-03 10:00:00,Минтранс РФ : вопрос закрытия авиасообщения с Венесуэлой не рассматривается,https://tass.ru/ekonomika/26077737,tass.ru,Russian,defense_aerospace,sector,7,"['THALES', 'AIRBUS']"
2026-01-06 02:00:00,HIPAA Certification Made Easy : Mindsec Introduces AI - Driven,https://www.openpr.com/news/4336570/hipaa-certification-made-easy-mindsec-introduces-ai-driven,openpr.com,English,defense_aerospace,sector,7,"['THALES', 'AIRBUS']"
2026-01-06 02:00:00,32 . 6 % and 865 Wp ! Trinasolar and Huairou Laboratory Set New World,https://www.openpr.com/news/4336568/32-6-and-865-wp-trinasolar-and-huairou-laboratory-set-new-world,openpr.com,English,defense_aerospace,sector,7,"['THALES', 'AIRBUS']"
2026-01-06 02:00:00,Mindsec Helps Organizations Achieve Faster & Easier PCI DSS,https://www.openpr.com/news/4336569/mindsec-helps-organizations-achieve-faster-easier-pci-dss,openpr.com,English,defense_aerospace,sector,7,"['THALES', 'AIRBUS']"
2026-01-13 09:00:00,Жители российского региона лишились авиасообщения из - за мощного циклона,https://lenta.ru/news/2026/01/13/zhiteli-rossiyskogo-regiona-lishilis-aviasoobscheniya-iz-za-moschnogo-tsiklona/,lenta.ru,Russian,defense_aerospace,sector,7,"['THALES', 'AIRBUS']"
2026-01-15 10:15:00,В Крыму обсудили возобновление авиасообщения в аэропорту Симферополь,https://www.aex.ru/news/2026/1/15/291505/,aex.ru,Russian,defense_aerospace,sector,7,"['THALES', 'AIRBUS']"
2026-01-04 13:00:00,Батарея вздулась - владельцы iPhone 15 и 16 сообщают об опасной проблеме,https://www.unian.net/techno/gadgets/batareya-vzdulas-vladelcy-iphone-15-i-16-soobshchayut-ob-opasnoy-probleme-13245420.html,unian.net,Russian,defense_aerospace,sector,7,"['THALES', 'AIRBUS']"
2026-01-10 07:30:00,Ist Österreich als Reiseziel für Deutsche unter Druck ? ,https://www.vol.at/ist-oesterreich-als-reiseziel-fuer-deutsche-unter-druck/9910322,vol.at,German,defense_aerospace,sector,7,"['THALES', 'AIRBUS']"
2026-01-01 19:30:00,"Penumpang Pesawat Rute Kualanamu Dapat Layanan Khusus , Bandara Hang Nadim Klaim Capaian 2025 Positif",https://batam.tribunnews.com/kota-batam/671412/penumpang-pesawat-rute-kualanamu-dapat-layanan-khusus-bandara-hang-nadim-klaim-capaian-2025-positif,batam.tribunnews.com,Indonesian,defense_aerospace,sector,7,"['THALES', 'AIRBUS']"
2026-01-10 09:15:00,Ist Österreich als Reiseziel für Deutsche unter Druck ? ,https://www.vienna.at/ist-oesterreich-als-reiseziel-fuer-deutsche-unter-druck/9910322,vienna.at,German,defense_aerospace,sector,7,"['THALES', 'AIRBUS']"
2026-01-08 02:00:00,"Good News for Uttar Pradesh residents : DGCA approves direct flight from Prayagraj to Jewar airport , first airline to fly from this airport is ... ",https://www.dnaindia.com/india/report-good-news-for-uttar-pradesh-residents-dgca-approves-direct-flight-from-prayagraj-to-jewar-airport-first-airline-to-fly-from-this-airport-is-indigo-3196329,dnaindia.com,English,defense_aerospace,sector,7,"['THALES', 'AIRBUS']"
2026-01-09 07:45:00,В Танзании заявили о финальном этапе обсуждения прямого авиасообщения с Россией :: Новости дня / ВЗГЛЯД,https://vz.ru/news/2026/1/9/1385944.html,vz.ru,Russian,defense_aerospace,sector,7,"['THALES', 'AIRBUS']"
2026-01-05 18:15:00,Snow - BBC News,https://www.bbc.co.uk/news/topics/c8g0k5w6nj3t,bbc.co.uk,English,defense_aerospace,sector,7,"['THALES', 'AIRBUS']"
2026-01-09 04:45:00,Tale of two airports : Why Delhi IGI stagnated in 2025 while Mumbai CSMIA hit new highs,https://www.moneycontrol.com/city/tale-of-two-airports-why-delhi-igi-stagnated-in-2025-while-mumbai-s-csmia-hit-new-highs-article-13764513.html,moneycontrol.com,English,defense_aerospace,sector,7,"['THALES', 'AIRBUS']"
2026-01-01 09:30:00,PM Modi to launch Kolkata - Guwahati Vande Bharat Sleeper Train soon : Railway Minister Ashwini Vaishnaw,https://www.moneycontrol.com/news/india/pm-modi-to-launch-kolkata-guwahati-vande-bharat-sleeper-train-soon-railway-minister-ashwini-vaishnaw-13752648.html,moneycontrol.com,English,defense_aerospace,sector,7,"['THALES', 'AIRBUS']"
2026-01-10 20:30:00,Plane etiquette expert warns against standing immediately after landing,https://www.foxnews.com/travel/standing-up-right-after-plane-lands-fuels-viral-debate-about-air-travel-etiquette,foxnews.com,English,defense_aerospace,sector,7,"['THALES', 'AIRBUS']"
2026-01-10 16:30:00,МИД Йемена заявил о завершении вывоза застрявших на Сокотре туристов,https://tass.ru/mezhdunarodnaya-panorama/26118615,tass.ru,Russian,defense_aerospace,sector,7,"['THALES', 'AIRBUS']"
2026-01-10 16:45:00,Yemenia Airways завершила эвакуацию 609 туристов с острова Сокотра,https://www.ridus.ru/yemenia-airways-zavershila-evakuaciyu-609-turistov-s-ostrova-sokotra-767419.html,ridus.ru,Russian,defense_aerospace,sector,7,"['THALES', 'AIRBUS']"
2026-01-12 17:15:00,Mitsui to launch Japan first aircraft and ship digital securities,https://asia.nikkei.com/business/finance/mitsui-to-launch-japan-s-first-aircraft-and-ship-digital-securities,asia.nikkei.com,English,defense_aerospace,sector,7,"['THALES', 'AIRBUS']"
2026-01-03 11:15:00,Минтранс опроверг планы прекратить авиасообщение с Венесуэлой,https://www.ridus.ru/mintrans-oproverg-plany-prekratit-aviasoobshenie-s-venesueloj-763144.html,ridus.ru,Russian,defense_aerospace,sector,7,"['THALES', 'AIRBUS']"
2026-01-07 21:45:00,动动手指 ， 年货到家 ！ 上海糖酒集团与东方航空共拓航旅消费新场景,https://export.shobserver.com/baijiahao/html/1048304.html,export.shobserver.com,Chinese,defense_aerospace,sector,7,"['THALES', 'AIRBUS']"
2026-01-01 21:15:00,西部航空客機起飛不久突發異常 緊急返航 | 飛機故障,https://www.ntdtv.com/b5/2026/01/01/a104052272.html,ntdtv.com,Chinese,defense_aerospace,sector,7,"['THALES', 'AIRBUS']"
2026-01-06 07:45:00,Новое исследование проливает свет на механизмы распространения респираторных пандемий,https://monavista.ru/article/4870300/,monavista.ru,Russian,defense_aerospace,sector,7,"['THALES', 'AIRBUS']"
2026-01-08 18:45:00,"Worldwide air passenger traffic hits new heights , India domestic growth leads the pack : IATA data",https://www.businesstoday.in/latest/corporate/story/worldwide-air-passenger-traffic-hits-new-heights-indias-domestic-growth-leads-the-pack-iata-data-510123-2026-01-08,businesstoday.in,English,defense_aerospace,sector,7,"['THALES', 'AIRBUS']"
2026-01-14 18:45:00,Открытие аэропорта  Симферополь  обсудили в Крыму,https://vestikavkaza.ru/news/otkrytie-aeroporta-simferopol-obsudili-v-krymu.html,vestikavkaza.ru,Russian,defense_aerospace,sector,7,"['THALES', 'AIRBUS']"
2026-01-02 12:45:00,Revealed : The new clothing rules to follow when flying after officials beg passengers to  bring civility back  ,https://www.dailymail.co.uk/travel/article-15428637/new-clothing-rules-flying-officials-beg-bring-civility-back.html,dailymail.co.uk,English,defense_aerospace,sector,7,"['THALES', 'AIRBUS']"
2026-01-14 17:45:00,"Generasi Z Pilih Matcha , Tradisi Minum Bir Sebelum Terbang Mulai Ditinggalkan",https://tangerang.viva.co.id/gaya-hidup/5662-generasi-z-pilih-matcha-tradisi-minum-bir-sebelum-terbang-mulai-ditinggalkan,tangerang.viva.co.id,Indonesian,defense_aerospace,sector,7,"['THALES', 'AIRBUS']"
2026-01-01 20:15:00,The changing face of NSW south coast holidays | The Canberra Times,https://www.canberratimes.com.au/story/9143979/the-changing-face-of-nsw-south-coast-holidays/,canberratimes.com.au,English,defense_aerospace,sector,7,"['THALES', 'AIRBUS']"
2026-01-05 19:15:00,Arkia New Hanoi Route Marks Israel - Vietnam Air Travel Milestone,https://www.haaretz.com/israel-news/2026-01-05/ty-article/.premium/arkias-new-hanoi-route-marks-israel-vietnam-air-travel-milestone/0000019b-8e8b-db5e-adbf-ffbb923f0000,haaretz.com,English,defense_aerospace,sector,7,"['THALES', 'AIRBUS']"
2026-01-16 23:00:00,"Ehemalige Flugbegleiterin verrät , wann Sie den Rufknopf über dem Sitz drücken dürfen",https://www.focus.de/reisen/flug/ehemalige-flugbegleiterin-verraet-wann-sie-den-rufknopf-ueber-dem-sitz-druecken-duerfen_657c3bf6-a418-42cc-bf96-d6585aeec852.html,focus.de,German,defense_aerospace,sector,7,"['THALES', 'AIRBUS']"
2026-01-15 23:00:00,Joint Japan / World Bank Graduate Scholarship Program 2026 ( Windows 1 ) for Developing Countries Nationals ( Fully Funded ). ,https://www.opportunitiesforafricans.com/joint-japan-world-bank-graduate-scholarship-program-2026-windows-1/,opportunitiesforafricans.com,English,defense_aerospace,sector,7,"['THALES', 'AIRBUS']"
2026-01-06 03:30:00,МЭР : запуск прямых рейсов с Саудовской Аравией отложен из - за кризиса в регионе,https://piter.tv/event/MER_zapusk_pryamih_rejsov_s_Saudovskoj_Araviej_otlozhen_iz_za_krizisa_v_regione/,piter.tv,Russian,defense_aerospace,sector,7,"['THALES', 'AIRBUS']"
2026-01-07 22:00:00,Первая группа застрявших на Сокотре россиян вылетела в Саудовскую Аравию,https://tass.ru/politika/26104561,tass.ru,Russian,defense_aerospace,sector,7,"['THALES', 'AIRBUS']"
2026-01-08 11:30:00,Novoair to step into 14th year Friday,https://www.dhakatribune.com/business/400546/novoair-to-step-into-14th-year,dhakatribune.com,English,defense_aerospace,sector,7,"['THALES', 'AIRBUS']"
2026-01-05 17:00:00,Несколько десятков россиян не могут покинуть Сокотру из - за отмены рейсов,https://tass.ru/obschestvo/26093849,tass.ru,Russian,defense_aerospace,sector,7,"['THALES', 'AIRBUS']"
2026-01-01 21:00:00,The changing face of NSW south coast holidays | The Standard,https://www.standard.net.au/story/9143979/the-changing-face-of-nsw-south-coast-holidays/,standard.net.au,English,defense_aerospace,sector,7,"['THALES', 'AIRBUS']"
2026-01-12 17:15:00,"Allegiant and Sun Country Airlines to merge , forming a network of 650 domestic and international routes",https://www.fox10phoenix.com/news/allegiant-sun-country-airlines-merge-forming-network-650-domestic-international-routes,fox10phoenix.com,English,defense_aerospace,sector,7,"['THALES', 'AIRBUS']"
2026-01-15 17:45:00,Amarillo to play role in FAA project to increase air traffic safety,https://www.newschannel10.com/2026/01/15/amarillo-play-role-faa-project-increase-air-traffic-safety/,newschannel10.com,English,defense_aerospace,sector,7,"['THALES', 'AIRBUS']"
2026-01-03 20:00:00,女子舱内大喊  抓我  致航班延误1个多小时 被警带走,https://www.wenxuecity.com/news/2026/01/03/socialnews-261822.html,wenxuecity.com,Chinese,defense_aerospace,sector,7,"['THALES', 'AIRBUS']"
2026-01-12 18:00:00,"Allegiant and Sun Country Airlines to merge , forming a network of 650 domestic and international routes",https://www.ktvu.com/news/allegiant-sun-country-airlines-merge-forming-network-650-domestic-international-routes,ktvu.com,English,defense_aerospace,sector,7,"['THALES', 'AIRBUS']"
2026-01-04 08:15:00,США отменили ограничения на авиаперелеты в Карибском регионе,https://www.vedomosti.ru/politics/news/2026/01/04/1167891-ssha-otmenili-ogranicheniya,vedomosti.ru,Russian,defense_aerospace,sector,7,"['THALES', 'AIRBUS']"
2026-01-04 21:15:00,PrivateJet . com LLC Sees Increased Demand for Private Jet Charter Driven by Commercial Air Travel Disruptions,https://www.finanznachrichten.de/nachrichten-2026-01/67349542-privatejet-com-llc-sees-increased-demand-for-private-jet-charter-driven-by-commercial-air-travel-disruptions-200.htm,finanznachrichten.de,English,defense_aerospace,sector,7,"['THALES', 'AIRBUS']"
2026-01-05 19:15:00,Десятки россиян застряли на острове Сокотра в Йемене,https://www.vedomosti.ru/politics/news/2026/01/05/1168059-desyatki-zastryali-v-iemene,vedomosti.ru,Russian,defense_aerospace,sector,7,"['THALES', 'AIRBUS']"
2026-01-16 08:15:00,Telangana tourism events : హాట్ ఎయిర్ బెలూన్ ఫెస్ట్ స్టార్ట్ ! హైదరాబాద్‌లో రైడ్ ధర ఎంత ? ,https://vaartha.com/latest-news/hyderabad-hot-air-balloon-festival-ride-price/627177/,vaartha.com,Telugu,defense_aerospace,sector,7,"['THALES', 'AIRBUS']"
2026-01-07 12:00:00,"Kiky Saputri Bawa Anaknya Berusia 9 Bulan ke Jepang , Sempat Was - was Penerbangan 8 Jam",https://www.kapanlagi.com/foto/berita-foto/indonesia/kiky-saputri-bawa-anaknya-berusia-9-bulan-ke-jepang-sempat-was-was-penerbangan-8-jam.html,kapanlagi.com,Indonesian,defense_aerospace,sector,7,"['THALES', 'AIRBUS']"
